"year";"country_iso3";"prod_code";"prod_descr";"sector";"X_cp";"gini";"gini_year";"hs2";"tot_exp_c";"tot_exp_p";"tot_world_exp";"RCA_cp";"s_cp";"M_cp";"diversity_c";"ubiquity_p";"eci_c";"pci_p";"dens_cp";"coi_c";"cog_cp";"PGI_p";"PGI_Z";"DENS_Z";"COG_Z";"EBS";"prod_code_str";"hs4";"policy_sector";"RANK"
2024;"ZAF";4801;"Newsprint, in rolls or sheets";"48";14741,985;63;2014;48;155041390,38;3347097,558;22733684200,976;0,645817430614055;9,50841898661255e-05;0;167;14;-0,0670669125439501;1,15459105329732;0,143329351637881;-3,55265424216155;0,364037838371936;29,3447447139545;-1,64566276920687;-0,318170845363598;1,27028357301057;0,865925165617946;"4801";4801;"Forestry";1
2024;"ZAF";3507;"Enzymes; prepared enzymes not elsewhere specified or included";"35";35523,264;63;2014;35;155041390,38;7699633,424;22733684200,976;0,676495610106253;0,000229121165083298;0;167;14;-0,0670669125439501;1,01740594732777;0,137539186403886;-3,55265424216155;0,403550006651259;30,2515323766051;-1,3800213576157;-0,474283832389462;1,45544884628765;0,787062123837962;"3507";3507;"Chemicals";2
2024;"ZAF";3404;"Waxes; artificial, prepared";"34";16663,324;63;2014;34;155041390,38;4096417,358;22733684200,976;0,596457645017805;0,000107476616142044;0;167;15;-0,0670669125439501;0,55771945618177;0,139291133453398;-3,55265424216155;0,227529325499423;27,8742593269897;-2,07643816460173;-0,427048274170036;0,630565805258635;0,759985231896777;"3404";3404;"Chemicals";3
2024;"ZAF";1210;"Hop cones, fresh or dried, whether or not ground, powdered or in the form of pellets; lupulin";"12";3380,768;63;2014;12;155041390,38;751732,587;22733684200,976;0,659438289682167;2,18055836039259e-05;0;167;9;-0,0670669125439501;0,790539285036609;0,135418350769286;-3,55265424216155;0,249854476688517;27,9875588243388;-2,04324733101628;-0,531465272387826;0,735187821738659;0,748989960122371;"1210";1210;"Agro-processing";4
2024;"ZAF";3005;"Wadding, gauze, bandages (dressings, adhesive plasters, poultices), impregnated or coated with pharmaceutical substances or in forms or packings for retail sale, for medical, surgical or veterinary use";"30";36910,004;63;2014;30;155041390,38;10620778,543;22733684200,976;0,509577105214944;0,000238065486316493;0;167;21;-0,0670669125439501;0,672318944894376;0,1493745424494;-3,55265424216155;0,259247688315739;30,2271606336382;-1,38716100504512;-0,155181922493707;0,779207086528393;0,670395389693268;"3005";3005;"Chemicals";5
2024;"ZAF";9702;"Engravings, prints and lithographs; original";"97";2073,548;63;2014;97;155041390,38;508256,131;22733684200,976;0,598209954258657;1,3374157667948e-05;0;167;13;-0,0670669125439501;1,37974109075853;0,133110303025698;-3,55265424216155;0,473560171352832;32,2077646328152;-0,806947506543634;-0,593694278450442;1,78353641636221;0,665596548151802;"9702";9702;"CCI";6
2024;"ZAF";8207;"Tools, interchangeable; for hand tools, whether or not power-operated, or for machine tools (pressing, stamping, punching, drilling etc), including dies for drawing or extruding metal, and rock drilling or earth boring tools";"82";92855,102;63;2014;82;155041390,38;22737069,405;22733684200,976;0,598816077817595;0,000598905245705137;0;167;16;-0,0670669125439501;1,87723657860784;0,110566830880402;-3,55265424216155;0,554386979939242;31,6756517448859;-0,962828783382142;-1,20150573672696;2,16231386016676;0,64121230227398;"8207";8207;"Metal Fabrication";7
2024;"ZAF";2708;"Pitch and pitch coke; obtained from coal tar or from other mineral tars";"27";6067,495;63;2014;27;155041390,38;1660714,188;22733684200,976;0,535718568333446;3,91346787146892e-05;0;167;10;-0,0670669125439501;1,45605604408427;0,11282525212139;-3,55265424216155;0,388259121547691;29,3199295447462;-1,65293231735897;-1,14061474801678;1,3837914039819;0,632036324441364;"2708";2708;"Non-priority Sector";8
2024;"ZAF";8530;"Signalling, safety or traffic control equipment; for railways, tramways, roads, inland waterways, parking facilities, port installations, airfields, excluding those of heading no. 8608";"85";12852,042;63;2014;85;155041390,38;2947903,424;22733684200,976;0,639265185066065;8,28942643541843e-05;0;167;20;-0,0670669125439501;0,95169364192707;0,146966345922032;-3,55265424216155;0,323680019919267;31,4966464815023;-1,01526797373071;-0,220111115019243;1,0811553421874;0,625437400299624;"8530";8530;"Metal Fabrication";9
2024;"ZAF";3816;"Refractory cements, mortars, concretes and similar compositions; other than products of heading no. 3801";"38";18811,57;63;2014;38;155041390,38;2847839,862;22733684200,976;0,968571412664482;0,000121332567734936;0;167;20;-0,0670669125439501;0,894094211211369;0,141697035633437;-3,55265424216155;0,339831957891116;31,2925829931441;-1,07504791487289;-0,36218094126341;1,15684792345425;0,623238299021243;"3816";3816;"Chemicals";10
2024;"ZAF";8413;"Pumps; for liquids, whether or not fitted with measuring device, liquid elevators";"84";401437,238;63;2014;84;155041390,38;77553321,01;22733684200,976;0,75899589023251;0,00258922625123584;0;167;19;-0,0670669125439501;1,29854933097888;0,124547269480224;-3,55265424216155;0,465848209546142;32,1154943462744;-0,833977879997286;-0,824568647447383;1,74739596703675;0,58560173319555;"8413";8413;"Metal Fabrication";11
2024;"ZAF";8514;"Industrial or laboratory electric furnaces and ovens (including those functioning by induction or dielectric loss); other industrial or laboratory equipment for the heat treatment of materials by induction or dielectric loss";"85";27145,541;63;2014;85;155041390,38;6657148,724;22733684200,976;0,597905309995838;0,000175085768603258;0;167;13;-0,0670669125439501;1,43271259854902;0,113642992140996;-3,55265424216155;0,479358681868006;31,6002697927258;-0,984911757164327;-1,1185670461098;1,81070988800143;0,559018199685321;"8514";8514;"Metal Fabrication";12
2024;"ZAF";8436;"Agricultural, horticultural, forestry, poultry-keeping, bee-keeping machinery; including germination plant fitted with mechanical or thermal equipment; poultry incubators and brooders";"84";54211,862;63;2014;84;155041390,38;9059879,5;22733684200,976;0,877392809941969;0,000349660576876465;0;167;20;-0,0670669125439501;0,604165246872016;0,146104424033693;-3,55265424216155;0,243443851435324;30,8372705940373;-1,20843066079615;-0,243350037421935;0,705145806112155;0,556742143162123;"8436";8436;"Metal Fabrication";13
2024;"ZAF";6804;"Millstones, grindstones, grinding wheels, etc without frameworks, for grinding, sharpening, polishing, etc and parts thereof, natural stone, agglomerated natural or artificial abrasives or of ceramics";"68";31317,933;63;2014;68;155041390,38;5534932,145;22733684200,976;0,829665360252879;0,000201997240370723;0;167;18;-0,0670669125439501;1,43022696248192;0,121836749077611;-3,55265424216155;0,457562891714017;32,0881419189111;-0,841990712234107;-0,897649020691672;1,70856860808931;0,550970099877247;"6804";6804;"Non-priority Sector";14
2024;"ZAF";8468;"Machinery and apparatus for soldering, brazing, welding, whether or not capable of cutting, other than those of heading no. 8515; gas-operated surface tempering machines and appliances";"84";5353,312;63;2014;84;155041390,38;1065023,003;22733684200,976;0,737030967718627;3,45282765258958e-05;0;167;19;-0,0670669125439501;1,34829311274661;0,121290176716157;-3,55265424216155;0,46402678384051;32,2193591256823;-0,803550925867971;-0,912385568013568;1,73886024745403;0,543341868436146;"8468";8468;"Metal Fabrication";15
2024;"ZAF";8431;"Machinery parts; used solely or principally with the machinery of heading no. 8425 to 8430";"84";378653,34;63;2014;84;155041390,38;68822102,213;22733684200,976;0,806744523862913;0,00244227260263815;0;167;28;-0,0670669125439501;0,924493215992299;0,143162616758375;-3,55265424216155;0,284034128523292;31,9744726622685;-0,875289865975125;-0,322666309487533;0,895363404302515;0,482662320263369;"8431";8431;"Metal Fabrication";16
2024;"ZAF";3505;"Dextrins and other modified starches (e.g. pregelatinised or esterified starches); glues based on starches or on dextrins or other modified starches";"35";24005,132;63;2014;35;155041390,38;5251541,051;22733684200,976;0,670254135304237;0,0001548304742441;0;167;17;-0,0670669125439501;0,512502973325979;0,14446589935733;-3,55265424216155;0,249417455172322;31,6744475276152;-0,963181556130216;-0,287527529981353;0,733139814453861;0,469597946867575;"3505";3505;"Chemicals";17
2024;"ZAF";8454;"Converters, ladles, ingot moulds and casting machines; of a kind used metallurgy or in metal foundries";"84";18056,65;63;2014;84;155041390,38;3355385,38;22733684200,976;0,789072559042095;0,000116463416354458;0;167;15;-0,0670669125439501;1,08190620481007;0,124629508578284;-3,55265424216155;0,361071992400143;31,783326789703;-0,931285620548688;-0,822351337451964;1,25638477413973;0,455106352412152;"8454";8454;"Metal Fabrication";18
2024;"ZAF";3212;"Pigments (metallic powders and flakes) dispersed in non-aqueous media in liquid or paste form, as used in manufacture of paints (including enamels); stamping foils, dyes etc in forms, packing for retail sale";"32";12250,691;63;2014;32;155041390,38;2363167,947;22733684200,976;0,760130513914941;7,90156162168958e-05;0;167;24;-0,0670669125439501;1,08238178785698;0,143497316138614;-3,55265424216155;0,366990496132862;33,641883225516;-0,386825681947342;-0,313642228499646;1,28412056816939;0,452434673872361;"3212";3212;"Chemicals";19
2024;"ZAF";8424;"Mechanical appliances for projecting, dispersing or spraying liquids or powders; fire extinguishers, spray guns, steam, sand blasting machines";"84";127987,111;63;2014;84;155041390,38;25299331,219;22733684200,976;0,741787248754834;0,000825502858857941;0;167;19;-0,0670669125439501;1,09563310289464;0,129520038844826;-3,55265424216155;0,393094237046187;32,8343447309378;-0,623392272395776;-0,690494083436522;1,40645013220648;0,44644944038858;"8424";8424;"Metal Fabrication";20
2024;"ZAF";5704;"Carpets and other textile floor coverings; of felt, (not tufted or flocked), whether or not made up";"57";2276,48;63;2014;57;155041390,38;643694,1;22733684200,976;0,518568914016216;1,46830468587804e-05;0;167;18;-0,0670669125439501;0,218863703404422;0,142640234605153;-3,55265424216155;0,165178030988627;30,4238085584594;-1,3295534366059;-0,336750646464601;0,33836988207734;0,44372422407288;"5704";5704;"CTFL";21
2024;"ZAF";2940;"Sugars, chemically pure, other than sucrose, lactose, maltose, glucose and fructose; sugar ethers, sugar acetals and sugar esters, and their salts, other than the products of heading 29.37, 29.38, or 29.39";"29";8070,669;63;2014;29;155041390,38;1556965,874;22733684200,976;0,760068284124414;5,20549317844682e-05;0;167;15;-0,0670669125439501;1,30893741514608;0,117488834886236;-3,55265424216155;0,460733546235537;32,8378545090155;-0,62236409078136;-1,01487639578669;1,72342719815184;0,443638297715503;"2940";2940;"Chemicals";22
2024;"ZAF";1512;"Sun-flower seed, safflower or cotton-seed oil and their fractions; whether or not refined, but not chemically modified";"15";98171,077;63;2014;15;155041390,38;18501452,347;22733684200,976;0,778036376324468;0,000633192702667247;0;167;30;-0,0670669125439501;-0,834011136429783;0,190672999303694;-3,55265424216155;-0,176127772952794;29,4185983583438;-1,62402750975772;0,958296743232424;-1,26108631610199;0,440412645629385;"1512";1512;"Agro-processing";23
2024;"ZAF";7419;"Copper; articles thereof n.e.c.";"74";21058,837;63;2014;74;155041390,38;4562785,925;22733684200,976;0,676747185537862;0,000135827193940829;0;167;22;-0,0670669125439501;1,06651423953269;0,126897265841179;-3,55265424216155;0,364205127457897;32,3147636754651;-0,775602377028596;-0,76120863325389;1,27106753730985;0,428487093694852;"7419";7419;"Metal Fabrication";24
2024;"ZAF";8101;"Tungsten (wolfram); articles thereof, including waste and scrap";"81";8759,393;63;2014;81;155041390,38;1555966,409;22733684200,976;0,825459867308844;5,64971262095308e-05;0;167;15;-0,0670669125439501;1,08359694537804;0,120184492395675;-3,55265424216155;0,430353780377095;32,8390587783425;-0,622011302783517;-0,942196752151229;1,5810589634474;0,420291171359896;"8101";8101;"Metal Fabrication";25
2024;"ZAF";8432;"Agricultural, horticultural or forestry machinery for soil preparation or cultivation; lawn or sports-ground rollers";"84";44983,107;63;2014;84;155041390,38;9350036,777;22733684200,976;0,705437103569475;0,000290136117134581;0;167;24;-0,0670669125439501;0,82458039775222;0,140971663609233;-3,55265424216155;0,245343027529394;31,9898411044832;-0,870787715304114;-0,381738240377886;0,714045886157719;0,401031787027982;"8432";8432;"Metal Fabrication";26
2024;"ZAF";8438;"Machinery n.e.c. in this chapter, for the industrial preparation or manufacture of food or drink; other than machinery for extraction or preparation of animal or fixed vegetable fats or oils";"84";62696,706;63;2014;84;155041390,38;16309157,503;22733684200,976;0,563683556182391;0,00040438689208303;0;167;25;-0,0670669125439501;0,307837821236079;0,154816055721441;-3,55265424216155;0,118656215350392;31,5663830142204;-0,994838812909811;-0,00846920247464742;0,120355404990094;0,368908338475086;"8438";8438;"Metal Fabrication";27
2024;"ZAF";3801;"Artificial graphite; colloidal or semi-colloidal graphite; preparations based on graphite or other carbon in the form of pastes, blocks, plates or other semi-manufactures";"38";17213,56;63;2014;38;155041390,38;3676150,738;22733684200,976;0,686593290421505;0,000111025578123431;0;167;12;-0,0670669125439501;0,663169624527968;0,115000585012906;-3,55265424216155;0,373192116570881;32,3134553006051;-0,775985662508773;-1,0819639666062;1,31318312770924;0,335734941203938;"3801";3801;"Chemicals";28
2024;"ZAF";8716;"Trailers and semi-trailers; other vehicles, not mechanically propelled; parts thereof";"87";203453,021;63;2014;87;155041390,38;33293842,726;22733684200,976;0,896029663983595;0,00131224971926106;0;167;24;-0,0670669125439501;0,754819203130028;0,145293487593124;-3,55265424216155;0,221387893460714;32,6982695921284;-0,66325517905481;-0,265214302932369;0,601785305699078;0,333275393940506;"8716";8716;"Motor Vehicles";29
2024;"ZAF";3003;"Medicaments; (not goods of heading no. 3002, 3005 or 3006) of two or more constituents mixed together for therapeutic or prophylactic use not in measured doses or in forms or packings for retail sale";"30";94608,638;63;2014;30;155041390,38;16733374,276;22733684200,976;0,829028448336118;0,000610215360995655;0;167;24;-0,0670669125439501;0,708352679498753;0,146991318170286;-3,55265424216155;0,184213517751206;32,2628024713183;-0,790824295219673;-0,219437819506916;0,427575594187039;0,332987356633265;"3003";3003;"Chemicals";30
2024;"ZAF";601;"Bulbs, tubers, tuberous roots, corms, crowns and rhizomes; dormant, in growth or in flower; chicory plants and roots other than roots of heading no. 1212";"60";10792,187;63;2014;60;155041390,38;1972702,789;22733684200,976;0,802176567781674;6,96084250376548e-05;0;167;11;-0,0670669125439501;-0,485549109404175;0,153126431680997;-3,55265424216155;0,0314194090180042;30,3862931758788;-1,34054348377523;-0,0540244233094128;-0,288461113763438;0,332685982234126;"0601";601;"CTFL";31
2024;"ZAF";4802;"Uncoated paper and paperboard, used for writing, printing or other graphics, non perforated punch-cards and punch tape paper, in rolls or rectangular sheets, of any size, other than paper of heading 4801 or 4803; hand-made paper and paperboard";"48";86050,237;63;2014;48;155041390,38;17830253,128;22733684200,976;0,707647098845181;0,000555014611189273;0;167;18;-0,0670669125439501;0,520309310880661;0,14537460217962;-3,55265424216155;0,220258358890767;32,7972763093776;-0,634251383336857;-0,26302731173652;0,596491985022734;0,322572018874357;"4802";4802;"Forestry";32
2024;"ZAF";9015;"Surveying (including photogrammetrical surveying), hydrographic, oceanographic, hydrological, meteorological or geophysical instruments and appliances, excluding compasses, rangefinders";"90";49111,474;63;2014;90;155041390,38;10891385,129;22733684200,976;0,661183522723603;0,000316763632470206;0;167;28;-0,0670669125439501;0,300227193395985;0,154951156151505;-3,55265424216155;0,156867902904618;32,7059679917211;-0,660999950163806;-0,00482665846537748;0,299426255223829;0,318533182307419;"9015";9015;"Non-priority Sector";33
2024;"ZAF";3304;"Cosmetic and toilet preparations; beauty, make-up and skin care preparations (excluding medicaments, including sunscreen or sun tan preparations), manicure or pedicure preparations";"33";301642,874;63;2014;33;155041390,38;69441372,791;22733684200,976;0,636937678422303;0,00194556352507344;0;167;24;-0,0670669125439501;0,509917861730349;0,162504878834985;-3,55265424216155;0,19618396222512;34,2311637734155;-0,21419726736387;0,198834923480437;0,48367250606976;0,298901565638023;"3304";3304;"Chemicals";34
2024;"ZAF";4813;"Cigarette paper, whether or not cut to size or in the form of booklets or tubes";"48";8986,71;63;2014;48;155041390,38;2447228,745;22733684200,976;0,538453656523297;5,7963295981634e-05;0;167;24;-0,0670669125439501;0,0488416870778051;0,162809904078895;-3,55265424216155;0,0835600064988906;32,7215934018999;-0,656422521304185;0,207058937825574;-0,0441154247815689;0,273122011449397;"4813";4813;"Forestry";35
2024;"ZAF";1901;"Malt extract; flour/groats/meal/starch/malt extract products, no cocoa (or less than 40% by weight) and food preparations of goods of headings 04.01 to 04.04, no cocoa (or less than 5% by weight), weights calculated on a totally defatted basis, n.e.c.";"19";116966,984;63;2014;19;155041390,38;26303664,821;22733684200,976;0,652032432496606;0,000754424245766365;0;167;38;-0,0670669125439501;-0,0865609670971207;0,186313884974687;-3,55265424216155;-0,0225692197208624;33,3075957765672;-0,484754440215184;0,840767392827515;-0,541467203523352;0,261351543173115;"1901";1901;"Agro-processing";36
2024;"ZAF";9406;"Buildings; prefabricated";"94";55239,984;63;2014;94;155041390,38;10963010,841;22733684200,976;0,738832292272579;0,000356291851257326;0;167;41;-0,0670669125439501;0,0372953548407819;0,168781023653326;-3,55265424216155;-0,0264643258128783;31,9005075294242;-0,896957785717071;0,368050770524943;-0,559720779962709;0,235095925426435;"9406";9406;"Forestry";37
2024;"ZAF";7325;"Iron or steel; cast articles";"73";23960,055;63;2014;73;155041390,38;6805057,357;22733684200,976;0,516271545039529;0,000154539732527391;0;167;26;-0,0670669125439501;0,508669943019798;0,143212240623534;-3,55265424216155;0,185078867162173;33,0159765899009;-0,570183626764412;-0,321328363245126;0,431630867970779;0,226828710496688;"7325";7325;"Metal Fabrication";38
2024;"ZAF";2812;"Halides and halide oxides of non-metals";"28";4068,641;63;2014;28;155041390,38;882474,828;22733684200,976;0,676035050316178;2,62422891721232e-05;0;167;7;-0,0670669125439501;1,45562949372942;0,10802404946679;-3,55265424216155;0,393644347285305;33,4076410599267;-0,455446398885013;-1,27006357329822;1,40902810545358;0,198136977013457;"2812";2812;"Chemicals";39
2024;"ZAF";4009;"Tubes, pipes and hoses, of vulcanised rubber (other than hard rubber), with or without their fittings (e.g. joints, elbows, flanges)";"40";45160,995;63;2014;40;155041390,38;12785068,362;22733684200,976;0,517943772545474;0,000291283475266265;0;167;24;-0,0670669125439501;0,72891016681739;0,144758806716495;-3,55265424216155;0,24059783635857;34,4357215749341;-0,154272518290243;-0,279630235014254;0,691808568942267;0,188816950739419;"4009";4009;"Non-priority Sector";40
2024;"ZAF";4410;"Particle board, oriented strand board (OSB) and similar board (e.g. waferboard) of wood or other ligneous materials, whether or not agglomerated with resins or other organic binding substances";"44";69593,08;63;2014;44;155041390,38;10683745,371;22733684200,976;0,955134862712233;0,000448867749634019;0;167;31;-0,0670669125439501;0,0351216316416246;0,167774935208889;-3,55265424216155;0,0423955012774536;33,3882618123359;-0,461123505993586;0,340924865490123;-0,237024019540518;0,18834145064773;"4410";4410;"Forestry";41
2024;"ZAF";8429;"Bulldozers, graders, levellers, scrapers, angledozers, mechanical shovels, excavators, shovel loaders, tamping machines and road rollers, self-propelled";"84";231855,561;63;2014;84;155041390,38;60063946,142;22733684200,976;0,566012241058821;0,00149544299384656;0;167;21;-0,0670669125439501;0,342817217222019;0,143556981741821;-3,55265424216155;0,243256529187872;34,4280697737089;-0,156514096293997;-0,312033539427242;0,704267960712856;0,182916172526537;"8429";8429;"Metal Fabrication";42
2024;"ZAF";401;"Milk and cream; not concentrated nor containing added sugar or other sweetening matter";"40";66792,929;63;2014;40;155041390,38;12393177,541;22733684200,976;0,790259973637541;0,00043080708213654;0;167;36;-0,0670669125439501;-0,00224722230814968;0,172105105783195;-3,55265424216155;0,0360417336410483;33,8514092966708;-0,325445489429066;0,457673841619081;-0,266799584182202;0,172106582288649;"0401";401;"Non-priority Sector";43
2024;"ZAF";4415;"Packing cases, boxes, crates, drums and similar packings, of wood; cable-drums of wood; pallets, box pallets and other load boards, of wood; pallet collars of wood";"44";22349,349;63;2014;44;155041390,38;4707488,152;22733684200,976;0,696141957547675;0,000144150855105354;0;167;44;-0,0670669125439501;0,0187314662086834;0,169820299255346;-3,55265424216155;0,00593431631472882;33,2893261337148;-0,490106491104798;0,396071459403022;-0,40789151610264;0,159428811468393;"4415";4415;"Forestry";44
2024;"ZAF";1518;"Animal or vegetable fats, oils, fractions, modified in any way, excluding heading no. 1516; inedible versions of animal or vegetable fats, oils or fractions of this chapter, n.e.c. or included";"15";38849,584;63;2014;15;155041390,38;10370438,809;22733684200,976;0,549302287893085;0,00025057556504609;0;167;28;-0,0670669125439501;-0,00938767877696105;0,177230889884721;-3,55265424216155;-0,011832931515294;33,7701849272867;-0,349239986230783;0,595873950700735;-0,491153899391017;0,1513200125135;"1518";1518;"Agro-processing";45
2024;"ZAF";3305;"Hair preparations; for use on the hair";"33";119856,628;63;2014;33;155041390,38;18451135,21;22733684200,976;0,952491551690311;0,000773062133319602;0;167;40;-0,0670669125439501;0,235122867346764;0,172359634918839;-3,55265424216155;0,0343919549687895;34,1746122448627;-0,230763910792261;0,464536392521291;-0,274530916882953;0,140256462143533;"3305";3305;"Chemicals";46
2024;"ZAF";7407;"Copper; bars, rods and profiles";"74";39338,714;63;2014;74;155041390,38;6480992,513;22733684200,976;0,890022133887389;0,000253730400015005;0;167;27;-0,0670669125439501;0,252601963037033;0,162563635024504;-3,55265424216155;0,111151724283437;34,5699667566572;-0,114945693454539;0,200419093168414;0,0851872226368793;0,133517336419944;"7407";7407;"Metal Fabrication";47
2024;"ZAF";1213;"Cereal straw and husks, unprepared; whether or not chopped, ground, pressed or in the form of pellets";"12";1734,694;63;2014;12;155041390,38;504470,966;22733684200,976;0,504206997452911;1,11885864526133e-05;0;167;21;-0,0670669125439501;-0,190490176460288;0,154787259015295;-3,55265424216155;0,088175007744685;33,5102385082911;-0,425390706541889;-0,0092456120642329;-0,0224882146317583;0,131218959948633;"1213";1213;"Agro-processing";48
2024;"ZAF";7309;"Reservoirs, tanks, vats and similar containers; for any material (excluding compressed or liquefied gas), of iron or steel, capacity exceeding 300l, whether or not lined or heat insulated";"73";28170,543;63;2014;73;155041390,38;4769157,418;22733684200,976;0,866115336987574;0,000181696919325576;0;167;32;-0,0670669125439501;0,120466170514269;0,156792839431296;-3,55265424216155;0,0320420720686032;32,84717600112;-0,619633380580077;0,0448283455534607;-0,285543137379337;0,1263061962514;"7309";7309;"Metal Fabrication";49
2024;"ZAF";7210;"Iron or non-alloy steel; flat-rolled products, width 600mm or more, clad, plated or coated";"72";243558,938;63;2014;72;155041390,38;58303370,938;22733684200,976;0,612537349477514;0,00157092849466228;0;167;31;-0,0670669125439501;-0,00041161315318293;0,162426626652323;-3,55265424216155;0,0121984875091614;33,0587627452453;-0,557649518537752;0,196725107700927;-0,378535825904324;0,125279600111452;"7210";7210;"Metal Fabrication";50
2024;"ZAF";4805;"Uncoated paper and paperboard n.e.c., in rolls or sheets";"48";67171,034;63;2014;48;155041390,38;17277677,577;22733684200,976;0,57005772703257;0,000433245818006189;0;167;28;-0,0670669125439501;0,0492332043726713;0,156141241551897;-3,55265424216155;0,0513808239834619;33,1517871355334;-0,530398232083002;0,027260126481669;-0,194916238398791;0,120914040055293;"4805";4805;"Forestry";51
2024;"ZAF";104;"Sheep and goats; live";"10";9852,947;63;2014;10;155041390,38;2112200,095;22733684200,976;0,683995520120613;6,35504298294206e-05;0;167;26;-0,0670669125439501;-1,65492280988309;0,219305106411482;-3,55265424216155;-0,216900168873313;34,6908816091114;-0,079523958674452;1,73026845471279;-1,45215737500753;0,119211679459903;"0104";104;"Agro-processing";52
2024;"ZAF";7308;"Structures of iron or steel and parts thereof; plates, rods, angles, shapes, sections, tubes and the like, prepared for use in structures";"73";296718,233;63;2014;73;155041390,38;65175573,302;22733684200,976;0,667546529558426;0,00191380012958318;0;167;37;-0,0670669125439501;0,161295838895844;0,162508912337504;-3,55265424216155;-0,00302268979456734;32,9321029283695;-0,594754227757565;0,198943673766651;-0,449866597607854;0,114610434638787;"7308";7308;"Metal Fabrication";53
2024;"ZAF";8310;"Sign plates, name plates, address plates and similar plates, numbers, letters and other symbols, of base metal, excluding those of heading no. 9405";"83";6379,579;63;2014;83;155041390,38;1049054,043;22733684200,976;0,891694989573973;4,11475863597709e-05;0;167;20;-0,0670669125439501;0,348898517712948;0,141337228477227;-3,55265424216155;0,223561149819915;34,6712928837212;-0,0852624318344478;-0,371881971828037;0,61196980392271;0,108450087976374;"8310";8310;"Metal Fabrication";54
2024;"ZAF";7307;"Tube or pipe fittings (e.g. couplings, elbows, sleeves), of iron or steel";"73";83729,977;63;2014;73;155041390,38;22721120,008;22733684200,976;0,540347821385239;0,000540049188121838;0;167;20;-0,0670669125439501;0,895556097747936;0,124418984237896;-3,55265424216155;0,368619437037969;35,4659149250332;0,147520312604947;-0,828027442069266;1,29175424915885;0,105402164828213;"7307";7307;"Metal Fabrication";55
2024;"ZAF";3922;"Sanitary ware; baths, shower-baths, sinks, wash-basins, bidets, lavatory pans, seats and covers, flushing cisterns and sanitary ware, of plastics";"39";26610,14;63;2014;39;155041390,38;5328189,251;22733684200,976;0,732301098833275;0,000171632490748307;0;167;28;-0,0670669125439501;0,379450550611102;0,147265533881706;-3,55265424216155;0,0800352144549457;33,0751785259944;-0,552840552392563;-0,212044484071882;-0,0606336041294609;0,09338748806374;"3922";3922;"Non-priority Sector";56
2024;"ZAF";6902;"Refractory bricks, blocks, tiles and similar refractory ceramic constructional goods; other than those of siliceous fossil meals or similar siliceous earths";"69";24363,335;63;2014;69;155041390,38;4511981,678;22733684200,976;0,791756391409504;0,000157140844391852;0;167;14;-0,0670669125439501;0,768518995759319;0,118595110563397;-3,55265424216155;0,341384245222123;34,6345003052777;-0,0960407351532539;-0,985049267638142;1,16412238396521;0,0917046171601082;"6902";6902;"Non-priority Sector";57
2024;"ZAF";5601;"Wadding of textile materials and articles thereof; textile fibres, not exceeding 5 mm in length (flock), textile dust and mill neps";"56";11861,775;63;2014;56;155041390,38;2974545,518;22733684200,976;0,584724419205118;7,65071505804178e-05;0;167;31;-0,0670669125439501;0,119493406119226;0,164389271249154;-3,55265424216155;0,043186105739908;34,2061408837201;-0,221527666766696;0,249641440499613;-0,233319021872216;0,079283361798031;"5601";5601;"CTFL";58
2024;"ZAF";7902;"Zinc; waste and scrap";"79";2845,674;63;2014;79;155041390,38;622513,814;22733684200,976;0,670283179608145;1,83542858653768e-05;0;167;49;-0,0670669125439501;-0,670887336111263;0,184807241967633;-3,55265424216155;-0,115997844497955;33,6452268934724;-0,38584616192031;0,800145660854843;-0,979300346884546;0,0688971586302022;"7902";7902;"Metal Fabrication";59
2024;"ZAF";8212;"Razors and razor blades; (including razor blade blanks in strips)";"82";25554,92;63;2014;82;155041390,38;4649658,778;22733684200,976;0,805889711683495;0,00016482643723309;0;167;14;-0,0670669125439501;0,029368784109633;0,138329540530657;-3,55265424216155;0,0921592376559983;32,7061406018214;-0,660949384422147;-0,452974502076394;-0,00381697859348895;0,0680526345840879;"8212";8212;"Metal Fabrication";60
2024;"ZAF";403;"Buttermilk, curdled milk and cream, yoghurt, kephir, fermented or acidified milk or cream, whether or not concentrated, containing added sugar, sweetening matter, flavoured or added fruit or cocoa";"40";39984,065;63;2014;40;155041390,38;5922469,024;22733684200,976;0,989934170082407;0,000257892843336871;0;167;40;-0,0670669125439501;-0,0901266998099372;0,173667777442865;-3,55265424216155;-0,00319189206438244;34,5787922813933;-0,112360275781253;0,499806204111858;-0,450659527631535;0,0538356507538584;"0403";403;"Non-priority Sector";61
2024;"ZAF";8311;"Wires, rods, tubes, plates, electrodes of base metal or metal carbides; of a kind used for soldering, brazing, welding; wires and rods for metal spraying";"83";20484,772;63;2014;83;155041390,38;3739309,17;22733684200,976;0,803270704443728;0,000132124537517322;0;167;23;-0,0670669125439501;0,672222708722238;0,135680171646555;-3,55265424216155;0,200000411802889;34,353215389984;-0,178442520086559;-0,524406123371452;0,501557475682668;0,0518646241325917;"8311";8311;"Metal Fabrication";62
2024;"ZAF";2520;"Gypsum; anhydrite; plasters (consisting of calcined gypsum or calcium sulphate), coloured or not, with or without small quantities of accelerators or retarders";"25";9335,591;63;2014;25;155041390,38;1907850,664;22733684200,976;0,717496203705571;6,02135402495995e-05;0;167;31;-0,0670669125439501;-1,18605117888054;0,207946391455426;-3,55265424216155;-0,194549023042477;34,7237326227065;-0,0699003279359361;1,42401762267189;-1,34741354023326;0,0488348034581898;"2520";2520;"Non-priority Sector";63
2024;"ZAF";2834;"Nitrites; nitrates";"28";6915,227;63;2014;28;155041390,38;1565405,517;22733684200,976;0,647741539614451;4,46024573376894e-05;0;167;15;-0,0670669125439501;0,151541132105843;0,150056789946782;-3,55265424216155;0,120909745270476;34,4548688337602;-0,148663371769883;-0,136787336086759;0,130916087981233;0,0475973745547855;"2834";2834;"Chemicals";64
2024;"ZAF";2930;"Organo-sulphur compounds";"29";34376,805;63;2014;29;155041390,38;9247363,408;22733684200,976;0,545091931942824;0,000221726630003407;0;167;13;-0,0670669125439501;0,495254585699469;0,129871135953508;-3,55265424216155;0,227892949305239;34,3434008141735;-0,181317678053374;-0,681027890995124;0,632269849969571;0,0441865456759404;"2930";2930;"Chemicals";65
2024;"ZAF";2102;"Yeasts (active or inactive); other single-cell micro-organisms, dead (but not including vaccines of heading no. 3002); prepared baking powders";"21";19846,822;63;2014;21;155041390,38;3750669,612;22733684200,976;0,775897465559138;0,00012800982983548;0;167;34;-0,0670669125439501;-0,369462802271136;0,181670130983172;-3,55265424216155;-0,107909669301099;33,87431824238;-0,318734365174813;0,715563659025173;-0,941396854470476;0,0309670565765032;"2102";2102;"Agro-processing";66
2024;"ZAF";2837;"Cyanides, cyanide oxides and complex cyanides";"28";5898,621;63;2014;28;155041390,38;1474913,169;22733684200,976;0,586416535391274;3,80454598965007e-05;0;167;13;-0,0670669125439501;-0,514525739667091;0,147933741875266;-3,55265424216155;0,14048056023224;34,888138535466;-0,0217379846021999;-0,194028427255963;0,222630500489104;0,016780019278447;"2837";2837;"Chemicals";67
2024;"ZAF";4707;"Waste and scrap of paper and paperboard";"47";45725,01;63;2014;47;155041390,38;8392666,398;22733684200,976;0,798869824476865;0,000294921310289658;0;167;54;-0,0670669125439501;-0,174292891349858;0,180632584835553;-3,55265424216155;-0,0418540837340737;34,9939605034155;0,00926232351988512;0,687589599264149;-0,631841568449975;0,0154952357647629;"4707";4707;"Forestry";68
2024;"ZAF";2835;"Phosphinates (hypophosphites), phosphonates (phosphites), phosphates and polyphosphates";"28";23138,672;63;2014;28;155041390,38;4702255,349;22733684200,976;0,721529993463717;0,000149241902070719;0;167;23;-0,0670669125439501;0,0643556811279966;0,151776904632137;-3,55265424216155;0,0990209201968667;34,6748223440448;-0,0842284843502068;-0,0904100341090498;0,0283388199402345;0,00738575672713051;"2835";2835;"Chemicals";69
2024;"ZAF";3215;"Ink; printing, writing or drawing ink and other inks; whether or not concentrated or solid";"32";52869,57;63;2014;32;155041390,38;13681455,491;22733684200,976;0,566624886020051;0,000341002940378817;0;167;20;-0,0670669125439501;0,619674020454796;0,144357022533304;-3,55265424216155;0,215592875309202;35,8568921796002;0,262056222257272;-0,290463039682664;0,574628200270574;0,00736964611021255;"3215";3215;"Chemicals";70
2024;"ZAF";7010;"Carboys, bottles, flasks, jars, pots, phials, ampoules, containers of glass of a kind used for the conveyance or packing of goods; preserving jars of glass; stoppers, lids and other closures of glass";"70";77294,299;63;2014;70;155041390,38;14206065,184;22733684200,976;0,797803299595728;0,000498539769351622;0;167;38;-0,0670669125439501;-0,31721036690471;0,168933185662521;-3,55265424216155;-0,0644015359513939;33,7372056578942;-0,358901189217443;0,372153324563957;-0,737505350857656;-0,00215027902541864;"7010";7010;"Non-priority Sector";71
2024;"ZAF";5007;"Woven fabrics of silk or of silk waste";"50";2688,14;63;2014;50;155041390,38;739304,108;22733684200,976;0,533151864494944;1,73382088061225e-05;0;167;10;-0,0670669125439501;0,317158001863113;0,10742734683439;-3,55265424216155;0,189727034007037;32,1560825333528;-0,822087661643503;-1,28615172044871;0,453413501563103;-0,00355018574736876;"5007";5007;"CTFL";72
2024;"ZAF";6904;"Ceramic building bricks, floor blocks, support or filler tiles and the like";"69";9592,843;63;2014;69;155041390,38;1441457,332;22733684200,976;0,975815503055394;6,18727874955735e-05;0;167;23;-0,0670669125439501;-0,39541363166137;0,163093506084319;-3,55265424216155;-0,0307652368719543;33,8392173279228;-0,329017099323736;0,214705344172205;-0,579876074047418;-0,0120512101838254;"6904";6904;"Non-priority Sector";73
2024;"ZAF";3402;"Organic surface-active agents (not soap); surface-active, washing (including auxiliary washing) and cleaning preparations, containing soap or not, excluding those of heading no. 3401";"34";267839,903;63;2014;34;155041390,38;39493426,976;22733684200,976;0,994426357599659;0,00172753806156882;0;167;38;-0,0670669125439501;-0,120199328780552;0,180227527281027;-3,55265424216155;-0,00353883365718565;36,0013955240589;0,304388152854418;0,676668538776413;-0,452285394741344;-0,0266683362731165;"3402";3402;"Chemicals";74
2024;"ZAF";7216;"Iron or non-alloy steel, angles, shapes and sections";"72";100961,851;63;2014;72;155041390,38;15928563,773;22733684200,976;0,929400397657886;0,000651192889540959;0;167;24;-0,0670669125439501;-0,103765518145513;0,149409637146963;-3,55265424216155;0,0738512697663219;34,4274692312112;-0,15669002387152;-0,154235708034547;-0,0896133300737495;-0,0290530047455922;"7216";7216;"Metal Fabrication";75
2024;"ZAF";7801;"Lead; unwrought";"78";43730,485;63;2014;78;155041390,38;8619367,671;22733684200,976;0,743928258412362;0,00028205684232332;0;167;60;-0,0670669125439501;-1,56735110507686;0,207191471522077;-3,55265424216155;-0,231737683882476;34,9261916691882;-0,0105904044422557;1,40366366022043;-1,52169019593506;-0,035812043757457;"7801";7801;"Metal Fabrication";76
2024;"ZAF";4821;"Paper or paperboard labels of all kinds, whether or not printed";"48";39179,257;63;2014;48;155041390,38;5939556,831;22733684200,976;0,967217892772447;0,000252701919816207;0;167;46;-0,0670669125439501;0,00626102372112785;0,168184200399724;-3,55265424216155;-0,0180449988191767;34,9360706906788;-0,00769636725803893;0,351959371215771;-0,520265415919484;-0,0535365591485581;"4821";4821;"Forestry";77
2024;"ZAF";3917;"Tubes, pipes and hoses and fittings thereof (for example, joints, elbows, flanges), of plastics";"39";141761,358;63;2014;39;155041390,38;32905363,985;22733684200,976;0,631703574207277;0,000914345244534693;0;167;47;-0,0670669125439501;-0,064436797503958;0,175136175372427;-3,55265424216155;-0,0153027578205735;35,6749389826564;0,208753441385319;0,539396781869577;-0,507414493633761;-0,0589237177165011;"3917";3917;"Non-priority Sector";78
2024;"ZAF";8309;"Stoppers, caps, lids (including crown corks, screw caps, pouring stoppers); capsules for bottles, threaded bungs, bung covers, seals and other packaging accessories, of base metal";"83";42512,704;63;2014;83;155041390,38;9473945,988;22733684200,976;0,657975909284298;0,000274202288149011;0;167;32;-0,0670669125439501;-0,016439688848193;0,163335436130069;-3,55265424216155;0,033182860077832;35,4364429204471;0,138886554975523;0,221228201563493;-0,280197079881636;-0,0659518110978889;"8309";8309;"Metal Fabrication";79
2024;"ZAF";3915;"Waste, parings and scrap, of plastics";"39";13922,809;63;2014;39;155041390,38;3101256,648;22733684200,976;0,658281007990751;8,98005943179158e-05;0;167;57;-0,0670669125439501;-0,402167256662445;0,179745001295989;-3,55265424216155;-0,0553516046047775;35,5425079482407;0,169958066933658;0,663658793838632;-0,695094795226064;-0,0671313561070299;"3915";3915;"Non-priority Sector";80
2024;"ZAF";703;"Onions, shallots, garlic, leeks and other alliaceous vegetables; fresh or chilled";"70";38784,256;63;2014;70;155041390,38;9597224,194;22733684200,976;0,592559537980498;0,00025015420659568;0;167;32;-0,0670669125439501;-1,93945713501342;0,210181215205241;-3,55265424216155;-0,343935860083556;34,1275948669244;-0,244537546185939;1,48427238172637;-2,04748280267325;-0,106224291586982;"0703";703;"Non-priority Sector";81
2024;"ZAF";4803;"Tissue, towel, napkin stock or similar; for household or sanitary uses, cellulose wadding, webs of cellulose fibres, in rolls over 36cm in width or rectangular sheets with one side exceeding 36cm when unfolded";"48";19753,714;63;2014;48;155041390,38;5485728,79;22733684200,976;0,528003252053123;0,000127409293425352;0;167;34;-0,0670669125439501;-0,546384924969733;0,181976706744846;-3,55265424216155;-0,15243330847538;34,6707237023955;-0,0854291722269766;0,723829478042506;-1,15004730758444;-0,113596219104986;"4803";4803;"Forestry";82
2024;"ZAF";7312;"Stranded wire, ropes, cables, plaited bands, slings and the like, of iron or steel, not electrically insulated";"73";44709,135;63;2014;73;155041390,38;7808328,21;22733684200,976;0,83957669723698;0,000288369027718468;0;167;20;-0,0670669125439501;0,306041626165052;0,134044466361974;-3,55265424216155;0,108264112769035;34,4760988190924;-0,142444095191694;-0,568507600194721;0,071655052713871;-0,118136150763052;"7312";7312;"Metal Fabrication";83
2024;"ZAF";7215;"Iron or non-alloy steel; bars and rods, n.e.c. in chapter 72";"72";16357,804;63;2014;72;155041390,38;2553072,254;22733684200,976;0,939472479762185;0,000105506045578588;0;167;25;-0,0670669125439501;0,274338107939741;0,145774896809597;-3,55265424216155;0,151094958748289;36,2544945458545;0,37853294351643;-0,252234668029355;0,272372594823234;-0,119465005574184;"7215";7215;"Metal Fabrication";84
2024;"ZAF";1108;"Starches; inulin";"11";24708,767;63;2014;11;155041390,38;6740211,613;22733684200,976;0,537526290860058;0,000159368842987281;0;167;29;-0,0670669125439501;-0,251760135744497;0,156715399944439;-3,55265424216155;-0,0307672393561103;34,3893565310665;-0,167855053881288;0,0427404414750044;-0,579885458258463;-0,123096654300723;"1108";1108;"Agro-processing";85
2024;"ZAF";2309;"Preparations of a kind used in animal feeding";"23";201428,007;63;2014;23;155041390,38;46250786,848;22733684200,976;0,63859115435578;0,00129918860058149;0;167;40;-0,0670669125439501;-0,467847742372466;0,179967062752156;-3,55265424216155;-0,0659140480051028;35,9893459967258;0,300858270852696;0,669645959286348;-0,744593413091549;-0,125268574885966;"2309";2309;"Agro-processing";86
2024;"ZAF";8453;"Machinery for preparing, tanning or working hides, skins or leather or for making or repairing footwear or other articles of hides, skins or leather, other than sewing machines";"84";4210,944;63;2014;84;155041390,38;999315,848;22733684200,976;0,617872490334303;2,71601279482798e-05;0;167;10;-0,0670669125439501;0,507654678878095;0,113755302998832;-3,55265424216155;0,179177255175849;33,8259129840218;-0,332914577024102;-1,11553894884769;0,403974233475353;-0,126216712782745;"8453";8453;"Metal Fabrication";87
2024;"ZAF";4818;"Paper towels, toilet paper, tissues, handkerchiefs, napkins, tampons, serviettes and similar household, sanitary and hospital articles of paper";"48";191258,087;63;2014;48;155041390,38;32376027,718;22733684200,976;0,866200465514739;0,00123359372959204;0;167;42;-0,0670669125439501;-0,201641737207116;0,173808259945761;-3,55265424216155;-0,0536598741673343;35,6360508832554;0,197361259902836;0,503593858222867;-0,687166864606163;-0,126978088762044;"4818";4818;"Forestry";88
2024;"ZAF";4809;"Carbon paper, self copy paper and the like (coated, impregnated for duplicator stencils, offset plates), (whether or not printed), rolls over 36cm wide, rectangular sheets with one unfolded side exceeding 36cm";"48";2862,873;63;2014;48;155041390,38;803191,728;22733684200,976;0,522642862800595;1,84652175330937e-05;0;167;15;-0,0670669125439501;-0,257030392662634;0,14213316716523;-3,55265424216155;0,0697923888163825;34,8812315049464;-0,0237613836984807;-0,350422071971627;-0,108634402138984;-0,14509836347071;"4809";4809;"Forestry";89
2024;"ZAF";4205;"Leather or composition leather articles n.e.c. in chapter 42";"42";11349,904;63;2014;42;155041390,38;2220434,799;22733684200,976;0,749508101546791;7,32056386503105e-05;0;167;27;-0,0670669125439501;-0,330734866328943;0,155062576602234;-3,55265424216155;-0,0482495461345103;34,3413035360958;-0,181932070961449;-0,00182256813701422;-0,661812526630214;-0,160567674601926;"4205";4205;"CTFL";90
2024;"ZAF";4012;"Retreaded or used pneumatic tyres of rubber; solid or cushion tyres, tyre treads and tyre flaps, of rubber";"40";11809,334;63;2014;40;155041390,38;2875148,215;22733684200,976;0,60226459955779;7,61689118696357e-05;0;167;21;-0,0670669125439501;0,44012222829051;0,146569232007898;-3,55265424216155;0,187614546172519;37,3537669254969;0,700562321152448;-0,230818001061288;0,44351378195248;-0,162622180087085;"4012";4012;"Non-priority Sector";91
2024;"ZAF";5503;"Synthetic staple fibres, not carded, combed or otherwise processed for spinning";"55";40958,1;63;2014;55;155041390,38;7092072,984;22733684200,976;0,846815452215524;0,000264175262487091;0;167;25;-0,0670669125439501;-0,105192615693248;0,144182036405795;-3,55265424216155;0,0351245380406599;34,7848709821659;-0,0519899826830076;-0,295180971891772;-0,271097823974912;-0,171429604394559;"5503";5503;"CTFL";92
2024;"ZAF";7903;"Zinc; dust, powders and flakes";"79";2936,51;63;2014;79;155041390,38;571840,641;22733684200,976;0,752971667237515;1,89401681241553e-05;0;167;36;-0,0670669125439501;-1,08759851950061;0,177515090968;-3,55265424216155;-0,128307634071919;35,3297399842713;0,107628169187808;0,603536509234675;-1,03698752654862;-0,180359728833918;"7903";7903;"Metal Fabrication";93
2024;"ZAF";1107;"Malt; whether or not roasted";"11";31171,249;63;2014;11;155041390,38;5090315,207;22733684200,976;0,897907702030335;0,00020105114462403;0;167;24;-0,0670669125439501;0,134208074192469;0,16700611623193;-3,55265424216155;0,139723700584521;38,7162789937656;1,09970717505011;0,320196160500745;0,21908364063288;-0,186809124638828;"1107";1107;"Agro-processing";94
2024;"ZAF";304;"Fish fillets and other fish meat (whether or not minced); fresh, chilled or frozen";"30";159621,464;63;2014;30;155041390,38;29878072,656;22733684200,976;0,783359075240404;0,00102954097359921;0;167;39;-0,0670669125439501;-1,03402652724975;0,191582059509648;-3,55265424216155;-0,253600532331551;34,7013854644453;-0,0764468778175108;0,982806597166231;-1,62414573011558;-0,188297418377278;"0304";304;"Chemicals";95
2024;"ZAF";9006;"Cameras, photographic (excluding cinematographic); photographic flashlight apparatus and flashbulbs other than discharge lamps of heading no. 8539";"90";10513,325;63;2014;90;155041390,38;2862321,974;22733684200,976;0,538572003497591;6,780979565671e-05;0;167;11;-0,0670669125439501;0,930557706322656;0,107310368690378;-3,55265424216155;0,289627245315985;35,6814621399812;0,210664385690316;-1,2893056559135;0,921574342463851;-0,192798566379987;"9006";9006;"Non-priority Sector";96
2024;"ZAF";1008;"Buckwheat, millet and canary seed; other cereals";"10";6681,721;63;2014;10;155041390,38;1208678,48;22733684200,976;0,810587152540763;4,30963691929193e-05;0;167;31;-0,0670669125439501;-1,2856854199677;0,188891042636494;-3,55265424216155;-0,235873829087488;34,8225825209778;-0,0409424719857527;0,910252073205745;-1,54107335030375;-0,196626268370751;"1008";1008;"Agro-processing";97
2024;"ZAF";3306;"Oral or dental hygiene preparations; including fixative pastes and powders; yarn used to clean between the teeth (dental floss), in individual retail packages";"33";51505,44;63;2014;33;155041390,38;7739385,475;22733684200,976;0,9758179260458;0,000332204451171151;0;167;24;-0,0670669125439501;0,13544777808573;0,153100427926332;-3,55265424216155;0,0747310931500165;36,5636078700349;0,469086998406066;-0,0547255300396328;-0,0854902271317469;-0,203100918525815;"3306";3306;"Chemicals";98
2024;"ZAF";2005;"Vegetables preparations n.e.c.; prepared or preserved otherwise than by vinegar or acetic acid, not frozen, other than products of heading no. 2006";"20";74672,247;63;2014;20;155041390,38;14527755,774;22733684200,976;0,753672828299456;0,000481627820912735;0;167;39;-0,0670669125439501;-0,703824075946587;0,189500651447041;-3,55265424216155;-0,204151260368809;35,8669760992151;0,265010283887382;0,926688193503837;-1,39241235897772;-0,243578149787087;"2005";2005;"Agro-processing";99
2024;"ZAF";1101;"Wheat or meslin flour";"11";25070,82;63;2014;11;155041390,38;5905599,76;22733684200,976;0,622481855747746;0,000161704045213684;0;167;44;-0,0670669125439501;-0,992496839329752;0,189701719609118;-3,55265424216155;-0,201445474965145;36,0737241861373;0,325576672156534;0,932109343006333;-1,37973227799211;-0,257733202380771;"1101";1101;"Agro-processing";100
2024;"ZAF";4819;"Cartons, boxes, cases, bags and the like, of paper, paperboard, cellulose wadding or fibres; box files, letter trays and the like, of paper or paperboard, of a kind used in offices, shops or the like";"48";125714,332;63;2014;48;155041390,38;29463778,367;22733684200,976;0,625631376840897;0,000810843683044118;0;167;49;-0,0670669125439501;-0,556137457871298;0,173835343293777;-3,55265424216155;-0,147885703946953;35,7833642039627;0,240516366738428;0,504324072679031;-1,12873593764621;-0,288309410568536;"4819";4819;"Forestry";101
2024;"ZAF";2402;"Cigars, cheroots, cigarillos and cigarettes; of tobacco or of tobacco substitutes";"24";85996,472;63;2014;24;155041390,38;24359535,099;22733684200,976;0,517647126539963;0,000554667832823391;0;167;46;-0,0670669125439501;-0,779730942338483;0,186000538745434;-3,55265424216155;-0,160355962864175;36,7113844465306;0,512377814985634;0,832319030156485;-1,18717512235306;-0,289077969060736;"2402";2402;"Agro-processing";102
2024;"ZAF";1007;"Grain sorghum";"10";18730,457;63;2014;10;155041390,38;2852786,777;22733684200,976;0,96272273812237;0,000120809397762058;0;167;14;-0,0670669125439501;-1,7866987145329;0,212091422131983;-3,55265424216155;-0,165730457091254;39,4049015396816;1,3014376051002;1,5357749031778;-1,21236153291013;-0,326008078277509;"1007";1007;"Agro-processing";103
2024;"ZAF";1522;"Degras; residues resulting from the treatment of fatty substances or animal or vegetable waxes";"15";2679,373;63;2014;15;155041390,38;682785,755;22733684200,976;0,575401372236833;1,72816626155955e-05;0;167;20;-0,0670669125439501;-0,678804263623528;0,16078713942783;-3,55265424216155;-0,0952034999590725;35,9686088817078;0,294783379527419;0,152521663159543;-0,881852126327768;-0,341371280898548;"1522";1522;"Agro-processing";104
2024;"ZAF";2522;"Quicklime, slaked lime and hydraulic lime; other than calcium oxide and hydroxide of heading no. 2825";"25";6283,063;63;2014;25;155041390,38;1477041,26;22733684200,976;0,623736207993868;4,05250687226196e-05;0;167;42;-0,0670669125439501;-0,618858918572196;0,19549742692413;-3,55265424216155;-0,132870183064983;38,6531676341131;1,08121884381663;1,0883717542346;-1,05836893050419;-0,350405340028739;"2522";2522;"Non-priority Sector";105
2024;"ZAF";303;"Fish; frozen (excluding fish fillets and other fish meat of heading no. 0304)";"30";108519,787;63;2014;30;155041390,38;25464694,087;22733684200,976;0,624874263409631;0,000699940749589658;0;167;45;-0,0670669125439501;-1,5628533391311;0,201363621760416;-3,55265424216155;-0,282838267814897;36,7948307730718;0,536823229152081;1,24653463238384;-1,76116208524205;-0,350483560670097;"0303";303;"Chemicals";106
2024;"ZAF";3808;"Insecticides, rodenticides, fungicides, herbicides, anti-sprouting products, plant growth regulators, disinfectants and the like, in forms or packings for retail sale or as preparations or articles";"38";256742,119;63;2014;38;155041390,38;42498271,168;22733684200,976;0,885825190774039;0,00165595856932614;0;167;29;-0,0670669125439501;-0,132915678104051;0,161530842190727;-3,55265424216155;0,0472800752743357;38,4267354011352;1,01488602911758;0,172573191066482;-0,214133514707147;-0,352148784252748;"3808";3808;"Chemicals";107
2024;"ZAF";8201;"Tools, hand; spades, shovels, mattocks, picks, hoes, forks, rakes, axes, bill hooks etc, secateurs, scythes, sickles, hay knives, hedge shears and other tools used in agriculture, horticulture, forestry";"82";7508,786;63;2014;82;155041390,38;2195815,189;22733684200,976;0,501413601604729;4,84308479277455e-05;0;167;18;-0,0670669125439501;0,412713128452375;0,129447517250465;-3,55265424216155;0,170350834764829;37,6458657412788;0,786132013975122;-0,692449392527375;0,362611113741927;-0,371990097586857;"8201";8201;"Metal Fabrication";108
2024;"ZAF";6802;"Monumental or building stone, worked (except slate) and articles thereof (not of heading no. 6801) mosaic cubes etc., of natural stone including slate; artificially coloured granules of natural stone";"68";42681,823;63;2014;68;155041390,38;11207655,468;22733684200,976;0,558406361149037;0,000275293087190386;0;167;28;-0,0670669125439501;-1,0502660280426;0,184387642606404;-3,55265424216155;-0,210027402156025;36,6987271630337;0,508669892179108;0,788832527811417;-1,41994963286643;-0,379928999078041;"6802";6802;"Non-priority Sector";109
2024;"ZAF";1517;"Margarine; edible mixtures or preparations of animal or vegetable fats or oils or of fractions of different fats or oils of this chapter, other than edible fats or oils of heading no. 1516";"15";46685,718;63;2014;15;155041390,38;8470233,872;22733684200,976;0,808185043492006;0,000301117771748404;0;167;36;-0,0670669125439501;-0,64508049653952;0,189559651691935;-3,55265424216155;-0,189045313897564;37,8495652995341;0,845805342610042;0,928278943351801;-1,32162159177194;-0,413049330343393;"1517";1517;"Agro-processing";110
2024;"ZAF";902;"Tea";"90";28182,622;63;2014;90;155041390,38;7398915,856;22733684200,976;0,55851581579213;0,000181774827553633;0;167;26;-0,0670669125439501;-1,49832273761796;0,186812595491037;-3,55265424216155;-0,199284565814263;37,5999424026613;0,772678874946221;0,854213501051077;-1,36960564230304;-0,429357005399395;"0902";902;"Non-priority Sector";111
2024;"ZAF";201;"Meat of bovine animals; fresh or chilled";"20";127387,854;63;2014;20;155041390,38;32823568,021;22733684200,976;0,569068309977699;0,000821637716791482;0;167;27;-0,0670669125439501;-0,273873018783266;0,174246464869137;-3,55265424216155;-0,00918132393018934;39,563608633129;1,34793049210051;0,515408629779994;-0,478727711092552;-0,437083191137689;"0201";201;"Agro-processing";112
2024;"ZAF";6811;"Asbestos-cement, cellulose fibre-cement or the like; articles thereof";"68";10541,841;63;2014;68;155041390,38;1667621,712;22733684200,976;0,92691751596648;6,79937207358782e-05;0;167;29;-0,0670669125439501;-0,207463037391852;0,161374162539784;-3,55265424216155;-0,0108082638140719;38,5291047686317;1,04487490568209;0,168348833500437;-0,486352014726685;-0,454292695636113;"6811";6811;"Non-priority Sector";113
2024;"ZAF";6405;"Footwear; other footwear n.e.c. in chapter 64";"64";17259,346;63;2014;64;155041390,38;3480874,013;22733684200,976;0,727039821814748;0,000111320892812545;0;167;27;-0,0670669125439501;-1,11076126181285;0,152066760655874;-3,55265424216155;-0,217744788825711;34,4212329567909;-0,15851692647321;-0,0825950084846774;-1,45611550464485;-0,46006452888544;"6405";6405;"CTFL";114
2024;"ZAF";603;"Flowers; cut flowers and flower buds of a kind suitable for bouquets or for ornamental purposes, fresh, dried, dyed, bleached, impregnated or otherwise prepared";"60";60055,77;63;2014;60;155041390,38;9370274,225;22733684200,976;0,939776556851421;0,000387353143910834;0;167;16;-0,0670669125439501;-1,89441285013562;0,20014018566735;-3,55265424216155;-0,184114500821172;39,4412029278914;1,31207201534196;1,21354865440131;-1,2985143974435;-0,465679252794716;"0603";603;"CTFL";115
2024;"ZAF";706;"Carrots, turnips, salad beetroot, salsify, celeriac, radishes and similar edible roots; fresh or chilled";"70";15919,05;63;2014;70;155041390,38;2434990,241;22733684200,976;0,958610298240538;0,000102676130296452;0;167;34;-0,0670669125439501;-0,624392087815485;0,183753508483274;-3,55265424216155;-0,160995446165922;38,4844491449108;1,03179314088831;0,771735162168787;-1,1901719232243;-0,483409967314608;"0706";706;"Non-priority Sector";116
2024;"ZAF";2203;"Beer made from malt";"22";108577,589;63;2014;22;155041390,38;18176700,64;22733684200,976;0,875885440935855;0,000700313566163725;0;167;36;-0,0670669125439501;-0,648578836282485;0,179484438897864;-3,55265424216155;-0,114158374466158;38,9075569637814;1,15574162727541;0,656633575622217;-0,970680066450558;-0,48992937270125;"2203";2203;"Agro-processing";117
2024;"ZAF";1104;"Cereal grains otherwise worked (egg hulled, rolled, flaked, pearled, sliced or kibbled) except rice of heading no. 1006; germ of cereals whole, rolled, flaked or ground";"11";8435,835;63;2014;11;155041390,38;2261906,47;22733684200,976;0,546859299952294;5,44102125201801e-05;0;167;41;-0,0670669125439501;-0,625962557290152;0,179587234089281;-3,55265424216155;-0,129422296101207;38,7256879378224;1,10246350410462;0,659405113866029;-1,04221115026387;-0,495089846834153;"1104";1104;"Agro-processing";118
2024;"ZAF";1704;"Sugar confectionery (including white chocolate), not containing cocoa";"17";79383,257;63;2014;17;155041390,38;17428208,826;22733684200,976;0,667879828385671;0,000512013319833078;0;167;41;-0,0670669125439501;-0,302005471887642;0,188786996743095;-3,55265424216155;-0,0757740886364355;40,6543195596431;1,66745181124837;0,907446813847872;-0,790800371543366;-0,516935122981288;"1704";1704;"Agro-processing";119
2024;"ZAF";2501;"Salt (including table salt and denatured salt); pure sodium chloride whether or not in aqueous solution; sea water";"25";21520,028;63;2014;25;155041390,38;4892076,771;22733684200,976;0,64501785504764;0,000138801825417428;0;167;41;-0,0670669125439501;-0,857757949093832;0,195423195543629;-3,55265424216155;-0,164858379230518;39,8463963773953;1,4307725274101;1,08637034631743;-1,20827472769457;-0,517558969595746;"2501";2501;"Non-priority Sector";120
2024;"ZAF";1516;"Animal or vegetable fats and oils and their fractions; partly or wholly hydrogenated, inter-esterified, re-esterified or elaidinised, whether or not refined, but not further prepared";"15";25223,181;63;2014;15;155041390,38;5423682,813;22733684200,976;0,681911071238496;0,000162686756989079;0;167;31;-0,0670669125439501;-1,03732107222605;0,189874847652328;-3,55265424216155;-0,244776117408339;38,1183128346698;0,924534330150968;0,936777178011243;-1,58279200866916;-0,523516386936296;"1516";1516;"Agro-processing";121
2024;"ZAF";5607;"Twine, cordage, ropes and cables, whether or not plaited or braided; whether or not impregnated, coated, covered or sheathed with rubber or plastics";"56";10445,516;63;2014;56;155041390,38;2852436,267;22733684200,976;0,536952807497493;6,73724350278237e-05;0;167;36;-0,0670669125439501;-0,822253196551697;0,172046129515247;-3,55265424216155;-0,226681985830461;37,8754083906499;0,853376018179009;0,45608373823154;-1,4979977550447;-0,63176334499739;"5607";5607;"CTFL";122
2024;"ZAF";1502;"Fats of bovine animals, sheep or goats; other than those of heading no. 1503";"15";11502,44;63;2014;15;155041390,38;2411183,739;22733684200,976;0,699490529444038;7,4189479156553e-05;0;167;16;-0,0670669125439501;-0,589060608207911;0,174968844747511;-3,55265424216155;-0,0328083875554526;41,3483473550568;1,87076569701332;0,534885255406882;-0,589450860021748;-0,641777100542728;"1502";1502;"Agro-processing";123
2024;"ZAF";8105;"Cobalt; mattes and other intermediate products of cobalt metallurgy, cobalt and articles thereof, including waste and scrap";"81";31760,206;63;2014;81;155041390,38;5598965,323;22733684200,976;0,831759368725564;0,000204849852817735;0;167;14;-0,0670669125439501;-1,73946230218578;0,198155237513184;-3,55265424216155;-0,12615197020666;42,2343338769156;2,13031346107238;1,16003097866746;-1,02688547176179;-0,665722651388901;"8105";8105;"Metal Fabrication";124
2024;"ZAF";4820;"Registers, account books, diaries and similar; albums for samples or collections, of paper or paperboard";"48";25784,503;63;2014;48;155041390,38;4989962,806;22733684200,976;0,75767616366546;0,000166307222457198;0;167;24;-0,0670669125439501;-0,937295677146193;0,151721115514185;-3,55265424216155;-0,225937688387238;36,5734978389994;0,471984242628207;-0,0919142063554465;-1,49450976525635;-0,686136071413336;"4820";4820;"Forestry";125
2024;"ZAF";2821;"Iron oxides and hydroxides; earth colours containing 70% or more by weight of combined iron evaluated as Fe2o3";"28";6967,958;63;2014;28;155041390,38;1055418,655;22733684200,976;0,968061450811458;4,49425665167335e-05;0;167;14;-0,0670669125439501;0,155566509288809;0,128877469611205;-3,55265424216155;0,206460265547868;42,3235103224186;2,15643750073438;-0,707818874418744;0,531830190041525;-0,7774753950372;"2821";2821;"Chemicals";126
2024;"ZAF";6217;"Clothing accessories n.e.c.; parts of garments or accessories other than those of heading no. 6212 (not knitted or crocheted)";"62";10343,143;63;2014;62;155041390,38;2485611,283;22733684200,976;0,610156842375455;6,67121403816709e-05;0;167;30;-0,0670669125439501;-0,993920299712901;0,155143470614706;-3,55265424216155;-0,201500843493717;38,6154907235059;1,07018147737425;0,000358475997161802;-1,37999175068547;-0,816604917354188;"6217";6217;"CTFL";127
2024;"ZAF";2505;"Sands of all kinds; natural, whether or not coloured, other than metal-bearing sands of chapter 26";"25";8909,446;63;2014;25;155041390,38;2530116,044;22733684200,976;0,516336025871095;5,74649516375164e-05;0;167;29;-0,0670669125439501;-0,891454539248909;0,179298433167044;-3,55265424216155;-0,132208918823928;42,416551280044;2,18369364055345;0,651618535624437;-1,05527005794833;-0,862448387625782;"2505";2505;"Non-priority Sector";128
2024;"ZAF";7403;"Copper; refined and copper alloys, unwrought";"74";644270,788;63;2014;74;155041390,38;95307732,403;22733684200,976;0,991202690057635;0,00415547607268562;0;167;26;-0,0670669125439501;-1,77874189043267;0,198100010422695;-3,55265424216155;-0,203400065974124;43,4378204023494;2,48287213893606;1,15854195966497;-1,38889204811062;-0,904407409127237;"7403";7403;"Metal Fabrication";129
2024;"ZAF";807;"Melons (including watermelons) and papaws (papayas); fresh";"80";18051,494;63;2014;80;155041390,38;4584611,985;22733684200,976;0,577341444359695;0,000116430160718738;0;167;30;-0,0670669125439501;-1,31601119259631;0,193622388392993;-3,55265424216155;-0,269647194536998;41,9945976502756;2,06008327127466;1,03781743427051;-1,69934495915944;-0,907203598721199;"0807";807;"Metal Fabrication";130
2024;"ZAF";6207;"Singlets and other vests, underpants, briefs, night-shirts, pyjamas, bathrobes, dressing gowns and similar articles; men's or boys' (not knitted or crocheted)";"62";4844,062;63;2014;62;155041390,38;1403374,977;22733684200,976;0,506125399996627;3,12436697589425e-05;0;167;36;-0,0670669125439501;-1,23633679126516;0,168599838448568;-3,55265424216155;-0,353039474548621;38,4689138194172;1,02724210213512;0,363165700345322;-2,09014493268638;-0,918073778158725;"6207";6207;"CTFL";131
2024;"ZAF";7103;"Precious (excluding diamond) and semi-precious stone; worked, graded, not strung, mounted, set; ungraded precious (excluding diamond) and semi-precious stone, temporarily strung for convenience of transport";"71";64997,56;63;2014;71;155041390,38;9983778,118;22733684200,976;0,954606311510522;0,000419227148574285;0;167;27;-0,0670669125439501;-1,34021960738818;0,186713895999482;-3,55265424216155;-0,161953161919449;43,2751494570328;2,4352180504227;0,851552390042687;-1,1946600519944;-0,926108570791472;"7103";7103;"Non-priority Sector";132
2024;"ZAF";5807;"Labels, badges and similar articles; of textile materials, in the piece, in strips or cut to shape or size, not embroidered";"58";4716,576;63;2014;58;155041390,38;1203966,696;22733684200,976;0,574426585361567;3,04213990111922e-05;0;167;17;-0,0670669125439501;-0,526239538248984;0,123192158108292;-3,55265424216155;-0,0634944416896947;39,0438682191829;1,19567370376043;-0,861104821369152;-0,733254448814816;-0,930010991314799;"5807";5807;"CTFL";133
2024;"ZAF";3302;"Odoriferous substances and mixtures (including alcoholic solutions) with a basis of one or more of these substances, of a kind used as raw materials in industry; other preparations based on odoriferous substances, of a kind used for beverage manufacture";"33";128878,851;63;2014;33;155041390,38;34419406,362;22733684200,976;0,549035527724293;0,000831254484264642;0;167;21;-0,0670669125439501;0,0274936269589757;0,165480986334151;-3,55265424216155;0,0933751596161901;48,1012669196379;3,84901833474038;0,279075989603574;0,00188117799591649;-1,1893537223803;"3302";3302;"Chemicals";134
2024;"ZAF";2704;"Coke and semi-coke; of coal, lignite or peat, whether or not agglomerated; retort carbon";"27";37639,431;63;2014;27;155041390,38;10202933,944;22733684200,976;0,540928847752728;0,000242770210636962;0;167;13;-0,0670669125439501;-0,802227809517433;0,144810816360591;-3,55265424216155;0,0521049176188801;48,4153785949835;3,94103664539114;-0,278227963996786;-0,191522929407683;-1,47026251293187;"2704";2704;"Non-priority Sector";135
